first_name,last_name,gender,address,age
Julia,Barker,male,"67690 Lopez Alley
New Harryfurt, ID 85427",6
Richard,Washington,female,"526 Mcneil Light
Port Taylor, PA 80606",4
Brenda,Miller,male,"916 Colton Overpass Suite 654
North Anthonyshire, UT 43201",1
Garrett,Griffin,female,"5258 Ashley Plains
North Christine, NH 88253",1
Robert,Bray,male,"0793 Melissa Highway
Port Sonyaland, KS 33431",3
James,Lee,female,"794 Obrien Locks Apt. 424
North Zachary, UT 12305",2
Christopher,White,female,"89921 Cynthia Village
Sharonside, IN 02921",2
Aaron,Navarro,male,"PSC 3723, Box 9632
APO AP 32164",1
Timothy,Williams,male,"1725 Conner Knolls
New Matthewland, IL 97901",1
James,Dean,male,"1445 Gary Terrace Suite 074
Hayeshaven, MP 45243",3
Matthew,Nichols,male,"73888 Martinez Common
Port Angelicaview, CA 87797",5
Renee,Miles,male,"84308 Jennifer Drives
East Marc, KY 13745",5
Evan,Waller,female,"5307 Bean Estates
Loweborough, NV 88197",4
Sara,Jackson,male,"579 Rivera Crescent
Martinmouth, CO 59465",4
Matthew,Hunter,male,"6111 Thomas Stream Apt. 889
Lake Brandon, VA 60936",5
Calvin,Benson,female,"9894 Robbins Forge
Lisatown, SD 23136",3
James,Torres,male,"306 Kent Tunnel
North Steven, NH 23794",2
Richard,Gilbert,male,"9182 Holly Harbors
Lake Michaelberg, CT 43180",4
Todd,Li,male,"070 Patton Trail Apt. 498
Lake Christopherborough, IN 74092",3
Margaret,Robinson,male,"64319 Fowler Hollow Suite 993
South Lisahaven, SC 07265",2
John,Lawson,male,"Unit 5305 Box 3124
DPO AE 36876",2
Hannah,Smith,male,"94617 Daniel Knoll
Bennettshire, CA 72417",3
Luis,Jones,female,"3245 Allison Fords
West Megan, OK 22358",3
Donald,Bean,male,"130 Park Lakes
New Robertville, HI 40316",5
Teresa,Pugh,male,"263 Daniel Ford
Vasquezberg, WA 66823",2
Dustin,Holmes,male,"4827 Kendra Mission Suite 221
West Jessica, AR 16373",4
Michael,Winters,female,"139 Rebecca Lake Suite 561
Rodriguezside, AK 19147",5
Angela,Johnson,male,"995 Montes Flats
New Crystal, MT 78525",4
Omar,Reyes,male,"6388 Bonnie Branch Suite 984
West Kylemouth, PR 10772",2
Kari,Ruiz,male,"585 Espinoza Cape Apt. 347
East Joshuafort, NV 38637",4
Nancy,Murphy,male,"8680 West Brooks Suite 831
Garciatown, CO 84074",4
Brian,Curry,male,"65835 Krista Dam Apt. 168
Ricardomouth, AR 12044",6
Randy,Baker,male,"8517 Ramos Falls
Lake Andrew, WI 55023",4
Tim,Foster,male,"93100 Kennedy Drive
West Deborahmouth, DE 45577",5
Nancy,Morales,female,"88928 Belinda Dale
South Donnaton, CO 19543",4
Victoria,Clarke,female,"891 Collins Springs Apt. 650
Powellstad, WI 69719",3
David,House,female,"Unit 3256 Box 3730
DPO AE 05104",3
Pam,Patel,female,"995 Simmons Loop Suite 284
Oliviamouth, NV 66757",3
Brad,Sims,male,"96117 Spencer Brooks Apt. 428
South Amyberg, NC 63312",1
Lindsey,Baldwin,male,"797 Waters Flat
New Linda, FL 25993",5
Katherine,Garrison,male,"531 Carl Forks Suite 848
Jeffreyton, SC 11166",5
Rodney,Holmes,male,"7832 Nancy Skyway
North Erinside, OH 66171",1
Abigail,Scott,female,"74105 Bryant Pass Apt. 327
South Aaronbury, TX 04850",4
Angelica,Robertson,male,"66158 Fisher Points
East Christineborough, MO 32646",4
Kim,Vance,female,"PSC 8824, Box 4715
APO AE 27591",3
Sara,Park,female,"4418 Anthony Tunnel Apt. 764
West Williamberg, MP 26056",1
Preston,Hughes,female,"8767 Craig Ferry
Lake Samantha, ID 95890",4
Pedro,Lam,female,"667 Boone Mill
Emilyfurt, IA 73164",4
Kathryn,Lewis,male,"975 Curtis Turnpike
North Jesse, NY 89129",5
Joshua,Wilson,male,"65737 Knapp Village Suite 956
Lake Brentton, PW 07705",3
Scott,Burgess,male,"Unit 5186 Box 1062
DPO AA 89474",1
Daniel,Calderon,male,"83246 Jason Drive
Palmerfort, RI 39266",6
Jason,Drake,female,"58647 Laura Squares
Farrellhaven, FM 44826",6
Jessica,Thomas,male,"8072 Danny Ford
South Jackietown, NV 15001",6
Christian,Huynh,male,"77310 Cabrera Springs
Bridgeshaven, NJ 81663",1
Charlene,Dillon,male,"05239 Melissa Crest Apt. 305
South John, AZ 18204",1
Carla,Hill,female,"8929 Tanya Oval Suite 529
West Sherri, LA 88437",6
Lynn,Morris,female,"2664 Catherine Camp Suite 077
Oliverport, VI 99196",4
James,Nelson,female,"74165 Cindy Rapids
West Paulchester, RI 28498",2
Christina,Weeks,male,"38865 Julie Square Apt. 440
Barnesbury, OR 70074",5
Douglas,Drake,female,"PSC 9678, Box 2897
APO AE 98643",3
Daniel,Hickman,male,"3357 Patterson Shoal Suite 378
North Lisa, KY 03728",1
Wendy,Shaw,male,"27601 James Burgs Apt. 647
Wisebury, CO 93111",1
Michele,Wallace,female,"344 Nelson Points
New Jeffreyborough, MS 88013",5
Timothy,Fleming,male,"30610 Patricia Manors Suite 172
Thomasberg, MH 52306",6
Jeremy,Leonard,female,"593 Bryan Branch
Lake Travischester, NH 51223",4
Catherine,Parker,male,"709 Holmes Road Apt. 603
South Seanville, KS 34103",3
Linda,Brown,female,"899 Brittany Union
New Danielmouth, MT 30648",5
Jennifer,Atkinson,male,"5215 Stewart Way Suite 220
West Miaborough, IN 35269",1
Sandra,Buck,male,"707 Sanchez Green
Port Scott, VI 92376",1
Jason,Williams,male,"5929 Paul Prairie Suite 674
New Nicholaschester, DC 74721",3
Derrick,Barton,male,"77784 Kimberly Radial Suite 108
Lloydtown, AS 19282",6
Adrian,Walton,male,"603 Andrea Lock
Davisbury, WI 45380",6
Janet,Matthews,male,"61026 Robert Light
Boydton, NE 26018",3
Hailey,Livingston,male,"139 Wise Manors Apt. 199
Lawrencemouth, WA 80858",4
Rebecca,Kelly,male,"121 Shaw Orchard Suite 970
Joshualand, NH 75195",5
Timothy,Love,male,"928 Morales Dale Apt. 523
Maryberg, DC 59615",3
William,Summers,male,"93313 Denise Trail
Petersmouth, MI 11506",6
Stephanie,Harrison,male,"28138 Faith Meadows Apt. 924
North Brandon, MN 34406",2
Marvin,Miller,male,"14233 Elliott Pines
North Raven, NY 08274",3
