first_name,last_name,gender,birth_date,street,house_number,postal_code,city,group_id,contact_person,contact_number
Lisa,Jackson,male,2026-12-12,Bell Grove,97679,30423,Lake Ashleyport,,Brandon Krueger,(596)413-1395x947
Hayley,Turner,female,2025-10-20,Farrell Camp,69061,07220,New Janice,,Lori Jones,001-543-651-3457x44370
Mary,Werner,male,2021-07-21,John Light,942,25107,East Stephaniestad,,Shawn Higgins,(992)245-5981x983
Samuel,Baker,male,2024-04-30,Samuel Point,883,62362,Lake Cynthiachester,,Richard Rivers,995-334-8287
Steve,Montes,male,2020-04-18,Perez Corner,06612,42600,South Nataliemouth,,Kaitlyn Ali,001-237-381-5503x93790
Seth,White,female,2020-11-11,Steven Trace,7228,18286,West April,,Ashley Ayala,242-208-2500x816
Brooke,Brown,male,2024-07-14,Michael Green,72855,55514,Smithstad,,Amy Ferguson,285.578.1155x872
Alexis,Francis,male,2024-01-29,Silva Pike,3232,60837,New Joseview,,Susan Stewart,001-280-336-3069x112
Patricia,Dixon,male,2023-07-18,Barrett Club,8383,27565,Toddside,,Elizabeth Allen,001-491-889-4289x7414
Carl,Snyder,male,2023-04-27,Lindsey Port,04104,03692,Taylorburgh,,Richard Leblanc,8438062928
Henry,Morris,male,2025-09-13,Brittany Inlet,908,59794,Jamestown,,Kenneth Aguilar,893-590-5851x820
Barbara,Davis,male,2026-04-05,Davis Unions,30818,27895,Lake Julia,,Ricardo Heath,(740)468-9881x940
Lori,Herrera,female,2020-01-18,Heather Divide,43841,74138,Sarahmouth,,Courtney Obrien,001-897-655-1025x9173
Hannah,Lucero,male,2023-12-29,Sarah Port,0897,83494,Port Jeremyshire,,Jordan Patton,(518)849-4450
Joan,Richardson,male,2024-11-13,Amanda Trace,58813,47886,Griffinfurt,,Theodore Downs,695-656-4703
Matthew,Anderson,female,2024-04-20,Cook Shores,0027,21848,North April,,Joseph Benjamin,831.986.8139
Joanna,Brock,female,2026-08-28,Alvin Dale,94611,54535,Lake Richardbury,,Chelsea Ferguson,587.885.3767x548
Donna,Cameron,male,2020-11-17,David Parks,9401,04666,Rileytown,,Alan Williamson,6122726179
Amy,Miller,male,2022-12-31,Reynolds Views,2904,84763,Markland,,Justin Fleming,+1-876-380-5944x75846
Kelly,Beck,female,2024-07-01,Marcia Land,78597,06999,Watsontown,,Kathy Robinson,537.223.5515
Mario,Grimes,male,2023-12-05,Diane Manors,3527,09302,Port Sandra,,Evan Lawson,701-852-3090x845
Cheryl,Thomas,male,2021-08-09,Fry Roads,231,47046,Davisburgh,,Jerry Johnson,380-666-4465x6377
Erin,Sharp,male,2026-12-18,Amanda Highway,1241,15462,West Robertfort,,Maria Morales,001-268-428-7877x6232
Elizabeth,Cantu,male,2023-10-26,Smith Burg,25892,36613,Rosemouth,,Robert Chambers,723.217.9619
Patrick,Edwards,male,2020-04-23,Roberts Plains,2498,35248,Marieville,,Jamie Johnson,(612)927-2287
Henry,Thomas,female,2024-06-29,Joshua Plaza,9478,74224,Brownmouth,,Abigail Jenkins,456-857-5890x5147
Kim,Peterson,male,2024-03-07,Fields Lock,58466,25034,Evanschester,,Shannon Nguyen,001-986-306-4364x18447
Brianna,Walker,male,2021-09-23,Anderson Shore,6177,44552,West Saraberg,,Michelle Cox,673-889-1038
Cheryl,Brown,female,2020-07-15,Laura Avenue,9323,98333,Port Harold,,Jeffrey Rangel PhD,+1-328-817-1514x0034
Corey,Cervantes,female,2026-08-21,Nichols Alley,5136,28572,West Kathy,,Eric Carr,001-469-522-3079x7225
Sarah,Young,female,2025-10-08,Robertson Squares,34327,14097,Cummingsshire,,Benjamin Gutierrez,459-770-6223x05842
Virginia,Jones,male,2025-07-13,Amber Field,381,22960,Joneschester,,Kristina Klein,432.657.4373
Michael,Miller,female,2025-08-20,Hodges Trail,5470,85395,Jeffview,,Victoria Johnson,446-531-8484x22338
Julie,Diaz,female,2024-11-23,Kim Coves,1699,33163,Port Joshua,,Linda Pope,(939)791-1506
Tracy,Wood,male,2024-11-01,Ortiz Parks,19207,17493,Lake Austinmouth,,Matthew Gomez,638-634-7579x73036
Nicole,Roberts,female,2025-02-11,Lance Dale,1150,42508,Justinfort,,Pamela Smith,783-965-8149
Rhonda,Bennett,female,2021-04-18,Tracy Court,01768,49686,South Tina,,Mary Pierce,001-223-862-2338x2707
Sierra,Sandoval,female,2026-05-16,Jacob Views,274,40842,Davischester,,Sarah Quinn,252.927.1056
Kristina,Fletcher,female,2026-12-23,Robert Square,6211,90944,Johnsonfurt,,James Roberts,(909)872-3095x1084
Jonathan,Miller,female,2024-03-05,Gibbs Flat,734,29654,East Kelly,,Crystal Chan,831-498-8778x20970
Michael,Miller,male,2024-08-25,Patterson Stream,8284,62023,Tonyfort,,Ricky Barnes,248-312-7810x4760
Shawn,Gonzalez,female,2025-11-08,Richard Mountain,0892,43804,Brownstad,,Timothy Cobb,(350)379-1249
Christopher,Buchanan,male,2023-04-16,George Junctions,1492,33808,Port Matthew,,Anthony Vasquez,254-745-5949x6226
Charles,Mercer,female,2022-07-23,Smith View,554,97030,South Dennis,,Vanessa Turner,248.973.7685x35402
James,Martin,female,2025-07-12,Wilson Common,374,35757,Douglasland,,Lisa Blackwell,290.688.6322
Destiny,Webb,female,2020-04-27,Michael Wells,22835,33948,Amandamouth,,Christina York,8232205248
Timothy,Palmer,female,2024-07-08,Jessica Branch,478,45652,Lake Lisa,,Caitlin Bishop,+1-443-744-5009x70270
Latoya,Schultz,female,2023-10-19,William Skyway,53460,47758,New Albertport,,Micheal Barron,(869)346-6606x05109
Shawn,Miller,female,2024-03-03,William Well,9393,69331,West Josephmouth,,Jill Hernandez,(372)737-4097
Robert,Walker,male,2024-01-02,Jordan Ports,86315,74738,Loweryhaven,,Nicole Jones,+1-427-807-5220x15004
David,Farley,male,2023-12-01,Austin Greens,1362,78059,New Brittany,,William Michael,780.975.6546x9086
Stephanie,Woods,female,2025-07-22,Rita Mountain,5434,21903,Ericmouth,,John Wilson,836.814.0902
Catherine,Walker,female,2022-08-26,Brown Motorway,7890,51303,Fergusonmouth,,Michael Olson,(803)945-4491x32554
Renee,Owen,male,2021-02-15,Melissa Heights,66139,29604,West Matthewshire,,Alyssa Turner,981.946.9346x2710
Sheila,Simon,female,2026-08-16,Booker Valleys,7067,02366,South Billy,,Stephen Lane,4316168387
Dennis,Yates,female,2020-05-10,Thomas Unions,643,49592,Jayside,,Mark Whitehead,(886)289-7351x3413
Bryan,Harper,male,2022-03-24,Kathleen Burgs,20653,11774,New Matthewport,,Lisa Day,(266)836-5710x417
Sarah,Nguyen,female,2022-02-22,Carter Garden,2739,46252,Daltonfort,,Jeanette Hunt,001-421-814-6171x775
Kristina,Gutierrez,female,2025-03-30,Cummings Brooks,398,30489,Sandrashire,,Alec Nelson,731-984-2732
Jeanette,Hicks,female,2020-08-03,James Plains,6640,27096,Lisaside,,Mary Francis,845-257-3725x6071
Jeffrey,Fuller,male,2021-10-29,James Row,249,57128,Lake Johnborough,,Michael Johnston,+1-590-695-8032x685
Christopher,Phillips,male,2020-11-15,Monique Lodge,61256,99382,North Victoria,,Shelby Montgomery,343-455-1987
Jacqueline,Hurst,female,2023-08-14,Catherine Garden,69353,79266,Joeltown,,Lynn White,794-765-3922
Troy,Berry,male,2020-05-26,Robin Cliffs,4170,31031,Stricklandtown,,Robert Cross,(570)209-1812x5597
Toni,Gill,female,2021-10-22,Howard Stravenue,905,00519,Prattberg,,Pamela Thompson,203-491-0187x95078
John,Sullivan,female,2020-08-02,Williams Cliffs,679,39696,North Richardtown,,Joshua Stephens,001-856-725-2796x0311
Michael,Costa,male,2026-07-18,Reed Terrace,7641,21172,South Amanda,,Stacy Franco,835.422.0565x479
Tina,Woodard,male,2021-07-15,Russell Forges,563,41996,Riverashire,,Christian Wilson,001-206-655-9588x443
Nathan,Collins,male,2021-07-30,Victoria Squares,5188,66087,Valeriechester,,Jason Pierce,+1-751-250-3911x2669
Katherine,Wilson,male,2026-06-18,Johnson Courts,07580,07830,Nancybury,,Susan Foster,(824)628-4223x77929
William,Saunders,female,2021-06-12,Benjamin Port,96467,22346,Scottchester,,Tyler Duffy,+1-853-605-5367x4199
Kevin,Silva,male,2022-02-26,Allen Run,70777,29317,Schmittland,,Kyle Garcia,685-701-6124x020
Laura,Ellis,male,2021-05-29,Lisa Keys,611,38943,Duffyfort,,Raymond Ferguson,001-708-202-0318x5102
Christine,Thompson,male,2026-12-20,Peters Mall,96593,20843,North Anthony,,Drew Campbell,(438)365-1421x8491
Diana,Williams,female,2021-03-13,Robert Station,02345,71887,Jamestown,,Jamie Drake,(399)707-7207
Daniel,Kirby,male,2025-03-25,Ruiz Squares,497,86169,Nolanborough,,Edwin Walker,+1-314-841-5217x058
Sandra,Sandoval,male,2021-06-21,Robinson Land,6701,54800,Port Vincent,,Alicia Conley,(688)725-9189
Andrew,Gilbert,female,2021-08-28,Turner Ridges,07808,40530,North Joannchester,,Joshua Davis,(324)210-2664
